RT,,Quirinale,,Il,Presidente,,Mattarella,ha,consegnato,a,,AstroSamantha,il,,Tricolore,,,,che,porter,,a,bordo,della,Stazione,Spaziale,Intern,
RT,,catirafaella,,,Serve,una,donna,al,Quirinale,,,Ma,perch,,,Al,Quirinale,serve,una,figura,adatta,,di,valore,,garantista,,liberale,,Non,ser,
,Ardito,,,,,,,,,,chiara,eyes,S,,,al,Quirinale
RT,,Quirinale,,Il,Presidente,,Mattarella,ha,consegnato,a,,AstroSamantha,il,,Tricolore,,,,che,porter,,a,bordo,della,Stazione,Spaziale,Intern,
RT,,ilPortaborse,,,Due,ministri,a,casa,col,Covid,,Un,segretario,di,partito,di,governo,altrettanto,,C,,,preoccupazione,che,il,voto,per,il,Qu,
RT,,ilriformista,,Lo,staff,del,Quirinale,smentisce,seccamente,l,ipotesi,di,un,nuovo,mandato,,ma,le,assenze,dei,parlamentari,a,causa,dei,con,
RT,,Entreri,Arnodas,,Quanto,,,invecchiato,male,,si,pu,,dire,il,tweet,pi,,invecchiato,male,del,triennio,
RT,,ladyonorato,,,,,FLASH,,COVID,,DONATO,,,LEGGI,EVERSIVE,,A,PARLAMENTARI,IMPEDITO,DI,SVOLGERE,IL,PROPRIO,MANDATO,,,FLASH,,,,,,,ADN,,,,,,,P,
RT,,Entreri,Arnodas,,Quanto,,,invecchiato,male,,si,pu,,dire,il,tweet,pi,,invecchiato,male,del,triennio,
,ale,dibattista,A,Quirinale,o,lui,o,il,mafioso,,,,siamo,ridotti,cos,,male,in,questo,paese,
RT,,ItaliaVivaRoma,,,,Dimostreremo,nelle,,suppletive,a,,Roma,,con,,valerio,casini,di,non,avere,il,,,,e,nell,elezione,al,,Quirinale,di,esser,
RT,,ilPortaborse,,,Due,ministri,a,casa,col,Covid,,Un,segretario,di,partito,di,governo,altrettanto,,C,,,preoccupazione,che,il,voto,per,il,Qu,
RT,,ladyonorato,,,,,FLASH,,COVID,,DONATO,,,LEGGI,EVERSIVE,,A,PARLAMENTARI,IMPEDITO,DI,SVOLGERE,IL,PROPRIO,MANDATO,,,FLASH,,,,,,,ADN,,,,,,,P,
RT,,Entreri,Arnodas,,Quanto,,,invecchiato,male,,si,pu,,dire,il,tweet,pi,,invecchiato,male,del,triennio,
RT,,Michele,Anzaldi,,Ottimi,ascolti,per,Renzi,a,In,Onda,su,La,,a,parlare,di,vaccini,,pandemia,,Quirinale,,ancora,una,volta,,come,su,Sidney,
RT,,ladyonorato,,,,,FLASH,,COVID,,DONATO,,,LEGGI,EVERSIVE,,A,PARLAMENTARI,IMPEDITO,DI,SVOLGERE,IL,PROPRIO,MANDATO,,,FLASH,,,,,,,ADN,,,,,,,P,
RT,,ALFO,,,,,,,,Covid,,il,,garante,della,Costituzione,,firma,il,decreto,per,l,obbligo,vaccinale,,,Quirinale,,Art,,,,,,finisce,cos,,,,,,,,La,
RT,,ladyonorato,,,,,FLASH,,COVID,,DONATO,,,LEGGI,EVERSIVE,,A,PARLAMENTARI,IMPEDITO,DI,SVOLGERE,IL,PROPRIO,MANDATO,,,FLASH,,,,,,,ADN,,,,,,,P,
RT,,NicolaPorro,,,,L,allarme,durata,vaccini,,gli,affanni,di,Draghi,per,il,Quirinale,e,il,silenzio,,buonista,,sulle,molestie,di,Capodanno,,Q,
RT,,mautortorella,,Temo,che,la,maggioranza,che,sostiene,,Draghi,sia,davvero,arrivata,alla,frutta,,E,il,vero,problema,,ora,,non,,,chi,salir,,
RT,,ALFO,,,,,,,,Covid,,il,,garante,della,Costituzione,,firma,il,decreto,per,l,obbligo,vaccinale,,,Quirinale,,Art,,,,,,finisce,cos,,,,,,,,La,
RT,,ladyonorato,,,,,FLASH,,COVID,,DONATO,,,LEGGI,EVERSIVE,,A,PARLAMENTARI,IMPEDITO,DI,SVOLGERE,IL,PROPRIO,MANDATO,,,FLASH,,,,,,,ADN,,,,,,,P,
RT,,ladyonorato,,,,,FLASH,,COVID,,DONATO,,,LEGGI,EVERSIVE,,A,PARLAMENTARI,IMPEDITO,DI,SVOLGERE,IL,PROPRIO,MANDATO,,,FLASH,,,,,,,ADN,,,,,,,P,
,ladyonorato,Domandona,,,,ma,se,Draghi,va,al,Quirinale,,,chi,prender,,il,suo,posto,,,,,
RT,,ilPortaborse,,,Due,ministri,a,casa,col,Covid,,Un,segretario,di,partito,di,governo,altrettanto,,C,,,preoccupazione,che,il,voto,per,il,Qu,
RT,,mautortorella,,Temo,che,la,maggioranza,che,sostiene,,Draghi,sia,davvero,arrivata,alla,frutta,,E,il,vero,problema,,ora,,non,,,chi,salir,,
RT,,mautortorella,,Temo,che,la,maggioranza,che,sostiene,,Draghi,sia,davvero,arrivata,alla,frutta,,E,il,vero,problema,,ora,,non,,,chi,salir,,
RT,,Gilda,,,,,,,,,,,Menti,perversi,e,bacate,che,propongono,la,candidatura,di,B,al,Quirinale,,Ma,hanno,gi,,dimenticato,la,catastrofe,che,ha,
,ardigiorgio,Noi,dai,,voglio,strafare,,di,maio,al,quirinale,e,berlusconi,a,chigi,,Tutto,minuscolo,e,orripilante,
RT,,ladyonorato,,,,,FLASH,,COVID,,DONATO,,,LEGGI,EVERSIVE,,A,PARLAMENTARI,IMPEDITO,DI,SVOLGERE,IL,PROPRIO,MANDATO,,,FLASH,,,,,,,ADN,,,,,,,P,
RT,,marcell,,,,,,,,,,Il,virus,,Un,infezione,caro,,Mattarella,si,pu,,curare,quello,che,lo,stato,non,vuole,fare,a,livello,domiciliare,,,Apren,
RT,,MPSkino,,A,Roma,,IERI,SERA,,I,Fratelli,di,,GiorgiaMeloni,,Sono,questi,i,,patrioti,,,E,Silvio,,berlusconi,,,un,,patriota,,,Un,gran,patri,
RT,,Quirinale,,,,,aprile,,Mattarella,,La,storia,insegna,che,quando,i,popoli,barattano,la,propria,libert,,in,cambio,di,promesse,di,ordine,e,
RT,,mautortorella,,Temo,che,la,maggioranza,che,sostiene,,Draghi,sia,davvero,arrivata,alla,frutta,,E,il,vero,problema,,ora,,non,,,chi,salir,,
RT,,morris,vincent,,,Quirinale,Tutta,questa,storia,potrebbe,anche,andare,a,finire,con,Di,Maio,Presidente,del,Consiglio,,,Aiuto,
RT,,kiara,,,,,,,,,,NEL,NOME,DEL,NONNO,di,Marco,Travaglio,,,,,,GENNAIO,,,,,,,Oggi,,un,anno,dopo,,sempre,nel,suo,nome,e,in,piena,pandemia,,st,
RT,,ladyonorato,,,,,FLASH,,COVID,,DONATO,,,LEGGI,EVERSIVE,,A,PARLAMENTARI,IMPEDITO,DI,SVOLGERE,IL,PROPRIO,MANDATO,,,FLASH,,,,,,,ADN,,,,,,,P,
RT,,Quirinale,,Il,Presidente,,Mattarella,ha,assistito,alla,finale,di,Coppa,Italia,di,,pallavolo,femminile,Serie,A,,tra,Conegliano,e,Novara,
RT,,ilPortaborse,,,Due,ministri,a,casa,col,Covid,,Un,segretario,di,partito,di,governo,altrettanto,,C,,,preoccupazione,che,il,voto,per,il,Qu,
RT,,ladyonorato,,,,,FLASH,,COVID,,DONATO,,,LEGGI,EVERSIVE,,A,PARLAMENTARI,IMPEDITO,DI,SVOLGERE,IL,PROPRIO,MANDATO,,,FLASH,,,,,,,ADN,,,,,,,P,
RT,,ladyonorato,,,,,FLASH,,COVID,,DONATO,,,LEGGI,EVERSIVE,,A,PARLAMENTARI,IMPEDITO,DI,SVOLGERE,IL,PROPRIO,MANDATO,,,FLASH,,,,,,,ADN,,,,,,,P,
RT,,Michele,Anzaldi,,Ottimi,ascolti,per,Renzi,a,In,Onda,su,La,,a,parlare,di,vaccini,,pandemia,,Quirinale,,ancora,una,volta,,come,su,Sidney,
RT,,fogna,la,,Finir,,che,spopoleranno,le,,vedove,di,Draghi,,,Purtroppamente,,,,Draghi,,Quirinale
RT,,Quirinale,,Il,Presidente,,Mattarella,ha,consegnato,la,Bandiera,italiana,,,,all,Alfiere,della,squadra,Olimpica,Sofia,,Goggia,e,all,Alfie,
RT,,Ussignur,,,PS,,non,riesco,a,capire,come,,Mattarella,,Quirinale,,se,,,in,buona,fede,,non,possa,nemmeno,ora,vedere,l,eccesso,,Con,,obblig,
RT,,Etruria,,,,Nel,silenzio,di,green,pass,e,Quirinale,ecco,l,ipotesi,dell,oro,come,garanzia,del,debito,Come,nulla,fosse,,il,professor,Curzi,
RT,,ilPortaborse,,,Due,ministri,a,casa,col,Covid,,Un,segretario,di,partito,di,governo,altrettanto,,C,,,preoccupazione,che,il,voto,per,il,Qu,
RT,,ilPortaborse,,,Due,ministri,a,casa,col,Covid,,Un,segretario,di,partito,di,governo,altrettanto,,C,,,preoccupazione,che,il,voto,per,il,Qu,
RT,,Quirinale,,Il,Presidente,,Mattarella,ha,consegnato,a,,AstroSamantha,il,,Tricolore,,,,che,porter,,a,bordo,della,Stazione,Spaziale,Intern,
RT,,ilPortaborse,,,Due,ministri,a,casa,col,Covid,,Un,segretario,di,partito,di,governo,altrettanto,,C,,,preoccupazione,che,il,voto,per,il,Qu,
RT,,M,,Penn,,,,everAnnina,Di,Maio,,,l,opzione,pi,,probabile,se,dovesse,andare,al,Quirinale,Draghi,,Un,personaggio,insignificante,che,non,di,
RT,,MPSkino,,A,Roma,,IERI,SERA,,I,Fratelli,di,,GiorgiaMeloni,,Sono,questi,i,,patrioti,,,E,Silvio,,berlusconi,,,un,,patriota,,,Un,gran,patri,
Come,si,fa,a,bloccare,l,elezione,di,un,IMP,ST,RE,al,quirinale,,Idee,
RT,,ladyonorato,,,,,FLASH,,COVID,,DONATO,,,LEGGI,EVERSIVE,,A,PARLAMENTARI,IMPEDITO,DI,SVOLGERE,IL,PROPRIO,MANDATO,,,FLASH,,,,,,,ADN,,,,,,,P,
RT,,robydigi,,,ardigiorgio,,datteri,al,Quirinale,,,banane,a,Palazzo,Chigi,e,cetrioli,volanti,per,tutti,
RT,,RaiTre,,Chi,sar,,il,prossimo,Presidente,della,Repubblica,,Chi,sar,,dopo,,Mattarella,,La,corsa,al,,Quirinale,e,i,suoi,segreti,,,,Frontie,
RT,,ilPortaborse,,,Due,ministri,a,casa,col,Covid,,Un,segretario,di,partito,di,governo,altrettanto,,C,,,preoccupazione,che,il,voto,per,il,Qu,
,cicciovalenti,Gli,chiederanno,cazzate,sul,Quirinale,e,omicron,,Che,ti,aspetti,
RT,,monarchico,,,,,,,anniversario,del,,matrimonio,tra,il,,Principe,,Umberto,e,la,,Principessa,,Maria,,Jos,,,monarchy,,monarchia,,italia,,ro,
RT,,ilPortaborse,,,Due,ministri,a,casa,col,Covid,,Un,segretario,di,partito,di,governo,altrettanto,,C,,,preoccupazione,che,il,voto,per,il,Qu,
RT,,clarissa,frau,,,,everAnnina,Draghi,al,Quirinale,e,Amato,PDC,,,,,,,,,
RT,,mautortorella,,Temo,che,la,maggioranza,che,sostiene,,Draghi,sia,davvero,arrivata,alla,frutta,,E,il,vero,problema,,ora,,non,,,chi,salir,,
RT,,dottorbarbieri,,,,,FLASH,,QUIRINALE,,QUESTORE,CAMERA,D,UVA,,,CHI,E,,SENZA,GREEN,PASS,NON,VOTERA,,PER,CAPO,STATO,,,FLASH,,,Trattasi,del,
RT,,MPSkino,,A,Roma,,IERI,SERA,,I,Fratelli,di,,GiorgiaMeloni,,Sono,questi,i,,patrioti,,,E,Silvio,,berlusconi,,,un,,patriota,,,Un,gran,patri,
,Cavalodiritorno,Non,c,,,bisogno,di,scomodare,Dio,,lo,possiamo,fare,noi,alle,prossime,elezioni
,alanfriedmanit,magari,se,lo,chiedessimo,agli,italiani,chi,vogliono,mediante,le,elezioni,,,,non,vi,piace,,,capisco,,,
RT,,BelusciGim,,,GiorgiaMeloni,Ricordare,a,Tremonti,che,,,stato,sovrano,anche,lui,e,pure,tu,ambisci,a,diventare,sovrana,,Alle,prossime,elez,
,EnricoLetta,Dopo,il,furto,delle,elezioni,era,il,minimo
,ladyonorato,Scordatevi,le,elezioni
,fatequalcosa,,Fabiusfax,E,senza,elezioni,in,vista,
,Antonel,,,,,,,,,,claudeger,,,Elezioni,e,met,,a,casa,,Finalmente,
RT,,MarykoMayko,,,ricpuglisi,,pdnetwork,A,dx,salvini,e,meloni,stanno,stappando,Cristal,come,se,non,ci,fosse,un,domani,,Altro,che,praterie,a,
RT,,SardegnaG,,Alluvione,di,Bitti,,dal,Governo,stanziati,,,,milioni,per,la,ricostruzione,,,sono,risorse,recuperate,dai,fondi,del,PNRR,,per,
,liberalunicorno,Tutto,giusto,,tranne,l,,,,,Con,le,elezioni,trovi,un,Conte,ter,o,un,Salvini,Meloni,,,,Meglio,,asteroide
,nortropp,,thewaterflea,,gr,grim,E,alle,elezioni
RT,,guiodic,,Un,Pd,che,si,presentasse,come,il,partito,di,Draghi,alle,prossime,elezioni,prenderebbe,una,sberla,,Se,fossi,,EnricoLetta,incomi,
RT,,guiodic,,Un,Pd,che,si,presentasse,come,il,partito,di,Draghi,alle,prossime,elezioni,prenderebbe,una,sberla,,Se,fossi,,EnricoLetta,incomi,
,LupinII,,,,,,,,,,AuroraLittleSun,Ma,ci,saranno,altre,elezioni,,Ne,dubito,,,
RT,,guiodic,,Un,Pd,che,si,presentasse,come,il,partito,di,Draghi,alle,prossime,elezioni,prenderebbe,una,sberla,,Se,fossi,,EnricoLetta,incomi,
RT,,guiodic,,Un,Pd,che,si,presentasse,come,il,partito,di,Draghi,alle,prossime,elezioni,prenderebbe,una,sberla,,Se,fossi,,EnricoLetta,incomi,
RT,,RaffaelePizzati,,,,,Gennaio,,,,,,Elezioni,,Suppletive,,,collegioRoma,,,La,vasta,Area,Riformista,voter,,,valerio,casini,il,candidato,di,
,MrSnell,,Ho,paura,di,quello,che,potrebbe,uscire,dalle,elezioni,sinceramente
RT,,guiodic,,Un,Pd,che,si,presentasse,come,il,partito,di,Draghi,alle,prossime,elezioni,prenderebbe,una,sberla,,Se,fossi,,EnricoLetta,incomi,
RT,,andrea,manuzzi,,,alanfriedmanit,Io,ritengo,che,lo,scenario,migliore,per,l,economia,italiana,sarebbe,cacciare,tutti,questi,lobbisti,inca,
,alian,maria,,velo,di,maia,,RegLombardia,,sbonaccini,Noi,questi,ce,li,abbiamo,da,,,,anni,,Spero,che,alle,prossime,elezioni,si,cambi,registro
RT,,VargarMarzia,,,Galli,,Gedi,,Sindacati,,Dad,,Elezioni,,Omicron,,Andr,TuttoInMerda,,,,
RT,,carlofgu,,Macron,,,Draghi,e,Mattarella,sono,una,fortuna,,,,Salvini,,Conte,,D,Alema,,Meloni,,Di,Battista,,il,FQ,,la,Maglie,,il,CODACONS,
RT,,Anna,pistacchio,,Governo,al,capolinea,,Draghi,,,finito,Sta,cercando,di,scappare,come,un,coniglio,al,Quirinale,lasciando,un,paese,allo,s,
,BubuCc,,,matteorenzi,A,fine,aprile,o,maggio,,,,,,andiamo,ad,elezioni,,E,questo,va,a,casa,
,PaolaTavernaM,S,Per,te,ancora,per,poco,perch,,alle,prossime,elezioni,vai,a,casa,,,intanto,cercati,un,lavoro,se,sei,in,grado,di,farne,uno
RT,,andrea,manuzzi,,,alanfriedmanit,Io,ritengo,che,lo,scenario,migliore,per,l,economia,italiana,sarebbe,cacciare,tutti,questi,lobbisti,inca,
RT,,norupies,,Il,vaccino,sperimentale,immunizza,ma,non,immunizza,,,,obbligatorio,ma,non,,,obbligatorio,,il,Pd,ha,perso,le,elezioni,ma,gover,
RT,,stefaniapezzopa,,,ceciliadelia,,,una,forte,candidata,per,,Montecitorio,,Ho,condiviso,con,lei,impegno,politico,giovanile,per,i,diritti,d,
RT,,Lorenzo,Bagnoli,,,MediterraneoCentrale,,Libyagate,,AliouCande,,nelloscavo,,ian,urbina,,Elezioni,Libia,riaggiornate,al,,,,gennaio,,slitt,
RT,,norupies,,Il,vaccino,sperimentale,immunizza,ma,non,immunizza,,,,obbligatorio,ma,non,,,obbligatorio,,il,Pd,ha,perso,le,elezioni,ma,gover,
RT,,costa,costa,,,,,,,Continua,,Lombardo,ricevette,una,falsa,accusa,di,mafia,si,and,,a,elezioni,e,un,accordo,PD,,,Forza,Italia,,sottobanco,,
RT,,norupies,,Il,vaccino,sperimentale,immunizza,ma,non,immunizza,,,,obbligatorio,ma,non,,,obbligatorio,,il,Pd,ha,perso,le,elezioni,ma,gover,
RT,,GiuliaTempesta,,In,piazza,questa,mattina,con,la,sezione,,Pd,Mazzini,Trionfale,per,sostenere,la,candidatura,di,,ceciliadelia,alle,,elezi,
,giorgio,gori,,SergioWyz,,beppe,grillo,Ma,abolire,le,elezioni,,non,dieu,
,LiciaRonzulli,Sempre,peggio,,,,alle,elezioni,faremo,i,conti,,la,matita,,,,l,abbiamo,noi,cittadini
,AnitaCecolin,Bye,,,,,elezioni,,
RT,,LucaSebastiani,,,Boris,,Johnson,,,in,difficolt,,evidente,,scandali,,elezioni,suppletive,perse,,dimissioni,di,Frost,,crollo,nei,sondaggi,
Il,vaccino,sperimentale,immunizza,ma,non,immunizza,,,,obbligatorio,ma,non,,,obbligatorio,,il,Pd,ha,perso,le,elezioni,ma,governa,
Tra,non,molto,ci,saranno,le,elezioni,dei,presidente,della,Repubblica,,A,questo,punto,,non,me,ne,frega,un,caxxo,
RT,,Quirinale,,Il,Presidente,,Mattarella,ha,consegnato,a,,AstroSamantha,il,,Tricolore,,,,che,porter,,a,bordo,della,Stazione,Spaziale,Intern,
RT,,Luca,,Pagani,,Il,presidente,della,Repubblica,e,garante,della,Costituzione,,Sergio,Mattarella,,ha,firmato,un,Decreto,legge,che,va,contro,
RT,,AGisotti,,Cosa,avrebbero,dato,questi,bambini,perch,,i,loro,genitori,potessero,vaccinarsi,,Tornano,alla,mente,le,parole,del,presidente,M,
RT,,AdmiralReloade,,,Obbligo,si,ma,se,muori,o,diventi,invalido,per,sempre,,sono,solo,e,sempre,caxxi,tuoi,,Questa,ha,firmato,Mattarella,
RT,,AdmiralReloade,,,Obbligo,si,ma,se,muori,o,diventi,invalido,per,sempre,,sono,solo,e,sempre,caxxi,tuoi,,Questa,ha,firmato,Mattarella,
RT,,Quirinale,,Il,Presidente,,Mattarella,ha,consegnato,a,,AstroSamantha,il,,Tricolore,,,,che,porter,,a,bordo,della,Stazione,Spaziale,Intern,
RT,,ilriformista,,Lo,staff,del,Quirinale,smentisce,seccamente,l,ipotesi,di,un,nuovo,mandato,,ma,le,assenze,dei,parlamentari,a,causa,dei,con,
RT,,CiranGuccini,,Miozzo,vuole,arrestarli,tutti,,Burioni,,rubare,loro,molti,soldi,,,un,ciofane,tifoso,,pluri,bucato,,,qui,su,twitter,,invoc,
RT,,noitre,,,,Mattarella,va,CONTRO,la,Costituzione,firmando,per,un,obbligo,vaccinale,di,un,siero,SPERIMENTALE,e,i,magistrati,tutti,zitti,
RT,,DSant,,,,,L,ultima,porcheria,,,,Mattarella,firma,il,suicidio,,costituzionale,del,paese,Con,la,sua,fuga,pensa,di,salvarsi,da,future,resp,
RT,,Agenzia,Ansa,,Il,Presidente,della,Repubblica,,Sergio,Mattarella,,ha,firmato,questa,sera,il,decreto,legge,sulle,misure,anti,Covid,varato,
RT,,LizzoriFabrizio,,Uno,dei,pochi,compiti,del,Presidente,della,Repubblica,,,quello,di,essere,garante,della,Costituzione,e,,Mattarella,fino,
RT,,Agostino,,,,,dottorbarbieri,Se,il,Presidente,della,Repubblica,,Sergio,Mattarella,,firma,questo,decreto,legge,,sar,,ricordato,al,pari,di,
RT,,noitre,,,,Mattarella,ha,firmato,un,obbligo,vaccinale,per,un,siero,SPERIMENTALE,,,Fine,sperimentazione,,,,,
RT,,Luca,,Pagani,,Il,presidente,della,Repubblica,e,garante,della,Costituzione,,Sergio,Mattarella,,ha,firmato,un,Decreto,legge,che,va,contro,
RT,,noitre,,,,Mattarella,va,CONTRO,la,Costituzione,firmando,per,un,obbligo,vaccinale,di,un,siero,SPERIMENTALE,e,i,magistrati,tutti,zitti,
RT,,Luca,,Pagani,,Il,presidente,della,Repubblica,e,garante,della,Costituzione,,Sergio,Mattarella,,ha,firmato,un,Decreto,legge,che,va,contro,
RT,,Il,GrandePoseur,,Tra,un,po,Mattarella,va,via,e,Draghi,arranca,,Al,loro,posto,come,PdR,e,PdC,vedrei,bene,questi,due,Costruttori,,,storna,
RT,,liliaragnar,,Oggi,,il,massone,francese,Micron,,dopo,la,sua,boutade,anti,no,vax,,fa,gli,elogi,ai,due,altri,principali,servi,bianchi,dei,
RT,,EUDataNewsHub,,,,,,,Who,will,replace,Sergio,Mattarella,,Italy,s,parliament,will,start,voting,on,January,,,,for,a,new,president,,with,Pr,
RT,,VincentMele,,,,Chi,ha,fatto,le,riprese,del,discorso,di,fine,anno,del,Presidente,,Mattarella,ha,dato,una,lezione,di,regia,televisiva,imp,
RT,,Linkiesta,,La,Germania,si,prepara,a,rieleggere,Frank,Walter,Steinmeier,presidente,della,Repubblica,,Chi,,,e,che,poteri,ha,il,Capo,dello,
RT,,Luca,,Pagani,,Il,presidente,della,Repubblica,e,garante,della,Costituzione,,Sergio,Mattarella,,ha,firmato,un,Decreto,legge,che,va,contro,
RT,,OrtigiaP,,E,,Mattarella,firm,,,contro,la,legge,costituzionale,del,,,,,,firmata,dal,ministro,,Cartabia,,In,caso,di,morti,accertate,non,p,
RT,,LizzoriFabrizio,,Uno,dei,pochi,compiti,del,Presidente,della,Repubblica,,,quello,di,essere,garante,della,Costituzione,e,,Mattarella,fino,
RT,,Luca,,Pagani,,Il,presidente,della,Repubblica,e,garante,della,Costituzione,,Sergio,Mattarella,,ha,firmato,un,Decreto,legge,che,va,contro,
RT,,AGisotti,,Cosa,avrebbero,dato,questi,bambini,perch,,i,loro,genitori,potessero,vaccinarsi,,Tornano,alla,mente,le,parole,del,presidente,M,
RT,,Luca,,Pagani,,Il,presidente,della,Repubblica,e,garante,della,Costituzione,,Sergio,Mattarella,,ha,firmato,un,Decreto,legge,che,va,contro,
RT,,giuliana,,,,,Non,so,perch,,ma,Mattarella,mi,fa,sempre,commuovere,,soprattutto,quando,,,super,acclamato,dalle,folle,,tvtalk
,ant,s,,,Mattarella,presidente,piu,,banale,della,storia,,,
RT,,Luca,,Pagani,,Il,presidente,della,Repubblica,e,garante,della,Costituzione,,Sergio,Mattarella,,ha,firmato,un,Decreto,legge,che,va,contro,
RT,,mautortorella,,Temo,che,la,maggioranza,che,sostiene,,Draghi,sia,davvero,arrivata,alla,frutta,,E,il,vero,problema,,ora,,non,,,chi,salir,,
RT,,Luca,,Pagani,,Il,presidente,della,Repubblica,e,garante,della,Costituzione,,Sergio,Mattarella,,ha,firmato,un,Decreto,legge,che,va,contro,
,,andata,in,onda,la,settimanale,beatificazione,su,,TVtalk,Questa,settimana,,,toccata,al,Presidente,Mattarella
RT,,mautortorella,,Temo,che,la,maggioranza,che,sostiene,,Draghi,sia,davvero,arrivata,alla,frutta,,E,il,vero,problema,,ora,,non,,,chi,salir,,
RT,,mautortorella,,Temo,che,la,maggioranza,che,sostiene,,Draghi,sia,davvero,arrivata,alla,frutta,,E,il,vero,problema,,ora,,non,,,chi,salir,,
RT,,AGisotti,,Cosa,avrebbero,dato,questi,bambini,perch,,i,loro,genitori,potessero,vaccinarsi,,Tornano,alla,mente,le,parole,del,presidente,M,
RT,,GiuseppeConteIT,,Sono,passati,,,,anni,,ma,i,valori,,l,esempio,e,la,forza,di,Piersanti,Mattarella,restano,vivi,ad,indicarci,la,strada,de,
RT,,marcell,,,,,,,,,,Il,virus,,Un,infezione,caro,,Mattarella,si,pu,,curare,quello,che,lo,stato,non,vuole,fare,a,livello,domiciliare,,,Apren,
RT,,dottorbarbieri,,,,,,IL,PRESIDENTE,DELLA,REPUBBLICA,,MATTARELLA,,HA,FIRMATO,,PROMULGANDOLO,,IL,DECRETO,LEGGE,,obbligoover,,,,,ATTESA,A,B,
RT,,Quirinale,,,,,aprile,,Mattarella,,La,storia,insegna,che,quando,i,popoli,barattano,la,propria,libert,,in,cambio,di,promesse,di,ordine,e,
RT,,noitre,,,,Le,CURE,ci,sono,ma,,Mattarella,firma,ugualmente,l,obbligo,vaccinale,,,,,,,,,,
RT,,mautortorella,,Temo,che,la,maggioranza,che,sostiene,,Draghi,sia,davvero,arrivata,alla,frutta,,E,il,vero,problema,,ora,,non,,,chi,salir,,
RT,,EUDataNewsHub,,,,,,,Who,will,replace,Sergio,Mattarella,,Italy,s,parliament,will,start,voting,on,January,,,,for,a,new,president,,with,Pr,
RT,,EUDataNewsHub,,,,,,,Who,will,replace,Sergio,Mattarella,,Italy,s,parliament,will,start,voting,on,January,,,,for,a,new,president,,with,Pr,
RT,,Agenzia,Ansa,,Il,Presidente,della,Repubblica,,Sergio,Mattarella,,ha,firmato,questa,sera,il,decreto,legge,sulle,misure,anti,Covid,varato,
RT,,noitre,,,,Mattarella,ha,firmato,un,obbligo,vaccinale,per,un,siero,SPERIMENTALE,,,Fine,sperimentazione,,,,,
RT,,angelo,fornaro,,Vi,lascio,un,paese,unito,Intanto,,firmo,l,ultimo,provvedimento,cos,,vi,unite,o,volere,,,,,anche,senza,stipendio,,alle,i,
RT,,AGisotti,,Cosa,avrebbero,dato,questi,bambini,perch,,i,loro,genitori,potessero,vaccinarsi,,Tornano,alla,mente,le,parole,del,presidente,M,
RT,,TerryBi,,,,Etruria,,,,itsmeback,,No,,conferma,che,ha,palesemente,attentato,alla,Costituzione,Italiana,,Mattarella,va,arrestato,e,giudic,
RT,,Pedrito,ElDrito,,Mattarella,ha,firmato,,Ricordo,solo,che,anche,Il,Presidente,della,Repubblica,,,o,ex,,pu,,essere,inquisito,,sia,per,alt,
RT,,Quirinale,,Il,Presidente,,Mattarella,ha,assistito,alla,finale,di,Coppa,Italia,di,,pallavolo,femminile,Serie,A,,tra,Conegliano,e,Novara,
RT,,Luca,,Pagani,,Il,presidente,della,Repubblica,e,garante,della,Costituzione,,Sergio,Mattarella,,ha,firmato,un,Decreto,legge,che,va,contro,
RT,,noitre,,,,Mattarella,ha,firmato,un,obbligo,vaccinale,per,un,siero,SPERIMENTALE,,,Fine,sperimentazione,,,,,
RT,,AdmiralReloade,,,Obbligo,si,ma,se,muori,o,diventi,invalido,per,sempre,,sono,solo,e,sempre,caxxi,tuoi,,Questa,ha,firmato,Mattarella,
,giuliana,,,,,TvTalk,Rai,Pure,io,ho,ascoltato,il,Presidente,Mattarella,,,,,
,beattrix,,,,,,,,virna,Ti,confondi,con,Mattarella,e,con,la,Segre,
RT,,giuliana,,,,,Tredici,milioni,e,mezzo,a,sentire,Mattarella,,una,ero,io,eh,,,tvtalk
RT,,Luca,,Pagani,,Il,presidente,della,Repubblica,e,garante,della,Costituzione,,Sergio,Mattarella,,ha,firmato,un,Decreto,legge,che,va,contro,
RT,,Quirinale,,Il,Presidente,,Mattarella,ha,consegnato,la,Bandiera,italiana,,,,all,Alfiere,della,squadra,Olimpica,Sofia,,Goggia,e,all,Alfie,
RT,,EUDataNewsHub,,,,,,,Who,will,replace,Sergio,Mattarella,,Italy,s,parliament,will,start,voting,on,January,,,,for,a,new,president,,with,Pr,
RT,,EUDataNewsHub,,,,,,,Who,will,replace,Sergio,Mattarella,,Italy,s,parliament,will,start,voting,on,January,,,,for,a,new,president,,with,Pr,
RT,,giuliana,,,,,Non,so,perch,,ma,Mattarella,mi,fa,sempre,commuovere,,soprattutto,quando,,,super,acclamato,dalle,folle,,tvtalk
RT,,noitre,,,,Mattarella,va,CONTRO,la,Costituzione,firmando,per,un,obbligo,vaccinale,di,un,siero,SPERIMENTALE,e,i,magistrati,tutti,zitti,
RT,,SchemaLibero,,,Mattarella,ha,firmato,un,decreto,che,viola,apertamente,diversi,articoli,della,costituzione,,Da,cittadino,mi,aspetto,la,m,
RT,,Ussignur,,,PS,,non,riesco,a,capire,come,,Mattarella,,Quirinale,,se,,,in,buona,fede,,non,possa,nemmeno,ora,vedere,l,eccesso,,Con,,obblig,
RT,,AdmiralReloade,,,Obbligo,si,ma,se,muori,o,diventi,invalido,per,sempre,,sono,solo,e,sempre,caxxi,tuoi,,Questa,ha,firmato,Mattarella,
RT,,VincentMele,,,,Chi,ha,fatto,le,riprese,del,discorso,di,fine,anno,del,Presidente,,Mattarella,ha,dato,una,lezione,di,regia,televisiva,imp,
RT,,giuliana,,,,,Tredici,milioni,e,mezzo,a,sentire,Mattarella,,una,ero,io,eh,,,tvtalk
RT,,AGisotti,,Cosa,avrebbero,dato,questi,bambini,perch,,i,loro,genitori,potessero,vaccinarsi,,Tornano,alla,mente,le,parole,del,presidente,M,
RT,,Quirinale,,Il,Presidente,,Mattarella,ha,consegnato,a,,AstroSamantha,il,,Tricolore,,,,che,porter,,a,bordo,della,Stazione,Spaziale,Intern,
RT,,EUDataNewsHub,,,,,,,Who,will,replace,Sergio,Mattarella,,Italy,s,parliament,will,start,voting,on,January,,,,for,a,new,president,,with,Pr,
RT,,Pedrito,ElDrito,,Mattarella,ha,firmato,,Ricordo,solo,che,anche,Il,Presidente,della,Repubblica,,,o,ex,,pu,,essere,inquisito,,sia,per,alt,
RT,,costa,costa,,,,,,,Ma,sei,medico,,,,Io,mi,fido,della,SCIENZA,,,Bene,,Io,pure,,Solo,che,la,scienza,dice,che,il,Covid,ha,un,quinto,di,prob,
RT,,SchemaLibero,,,Mattarella,ha,firmato,un,decreto,che,viola,apertamente,diversi,articoli,della,costituzione,,Da,cittadino,mi,aspetto,la,m,
RT,,EUDataNewsHub,,,,,,,Who,will,replace,Sergio,Mattarella,,Italy,s,parliament,will,start,voting,on,January,,,,for,a,new,president,,with,Pr,
RT,,MMaXXprIIme,,Scrivete,la,prima,cosa,che,vi,viene,in,mente,se,dico,,Draghi,,,Mattarella,,,lamorgese,,,Speranza
RT,,RaiTre,,Chi,sar,,il,prossimo,Presidente,della,Repubblica,,Chi,sar,,dopo,,Mattarella,,La,corsa,al,,Quirinale,e,i,suoi,segreti,,,,Frontie,
RT,,giuliana,,,,,Non,so,perch,,ma,Mattarella,mi,fa,sempre,commuovere,,soprattutto,quando,,,super,acclamato,dalle,folle,,tvtalk
